{"x":0.010416666666666666,"y":0.9274193548387096}