{"x":0.011904761904761904,"y":0.930835734870317}