{"x":0.30625,"y":0.8588235294117647}