{"x":0.008333333333333333,"y":0.9215686274509803}