{"x":0.014583333333333334,"y":0.9407114624505929}