{"x":0.3013698630136986,"y":0.8519480519480519}