{"x":0.6083333333333333,"y":0.1485148514851485}