{"x":0.1873536299765808,"y":0.004166666666666667}