{"x":0.7072599531615925,"y":0.6708333333333333}