{"x":0.69375,"y":0.1485148514851485}