{"x":0.639344262295082,"y":0.004166666666666667}