{"x":0.16393442622950818,"y":0.020833333333333332}