{"x":0.3645833333333333,"y":0.1411764705882353}