{"x":0.20982142857142858,"y":0.025936599423631124}