{"x":0.16458333333333333,"y":0.024193548387096774}