{"x":0.17291666666666666,"y":0.025925925925925925}