{"x":0.28125,"y":0.12962962962962962}