{"x":0.49583333333333335,"y":0.1485148514851485}