{"x":0.2916666666666667,"y":0.22924901185770752}