{"x":0.5458333333333333,"y":0.1485148514851485}