{"x":0.30833333333333335,"y":0.009900990099009901}