{"x":0.2958904109589041,"y":0.18961038961038962}