{"x":0.61875,"y":0.025925925925925925}