{"x":0.639344262295082,"y":0.058333333333333334}