{"x":0.3645833333333333,"y":0.08870967741935484}