{"x":0.5982142857142857,"y":0.02881844380403458}