{"x":0.40208333333333335,"y":0.024193548387096774}