{"x":0.28541666666666665,"y":0.023715415019762844}