{"x":0.41875,"y":0.49019607843137253}