{"x":0.40208333333333335,"y":0.08300395256916997}