{"x":0.12916666666666668,"y":0.023529411764705882}