{"x":0.54375,"y":0.1111111111111111}