{"x":0.40046838407494145,"y":0.020833333333333332}