{"x":0.17291666666666666,"y":0.023529411764705882}