{"x":0.3645833333333333,"y":0.09019607843137255}