{"x":0.5166666666666667,"y":0.011857707509881422}