{"x":0.39732142857142855,"y":0.008645533141210375}