{"x":0.38958333333333334,"y":0.011857707509881422}