{"x":0.5958333333333333,"y":0.016129032258064516}