{"x":0.59375,"y":0.011764705882352941}