{"x":0.3645833333333333,"y":0.011111111111111112}