{"x":0.3645833333333333,"y":0.012096774193548387}