{"x":0.29315068493150687,"y":0.10649350649350649}