{"x":0.3645833333333333,"y":0.01568627450980392}