{"x":0.3645833333333333,"y":0.011764705882352941}