{"x":0.32084309133489464,"y":0.004166666666666667}