{"x":0.39791666666666664,"y":0.011111111111111112}