{"x":0.21041666666666667,"y":0.08514851485148515}