{"x":0.13114754098360656,"y":0.07916666666666666}