{"x":0.6395833333333333,"y":0.11290322580645161}